wday,company,link,content
Wed,BlockSec,https://twitter.com/BlockSecTeam/status/1600442137811689473,AES
Sun,PeckShield,https://twitter.com/peckshield/status/1601700494749335552,Lodestar Finance
Sat,PeckShield,https://twitter.com/peckshield/status/1601492605535399936,TiFiToken
Wed,PeckShield,https://twitter.com/peckshield/status/1600418002163625984,AES
Fri,CertiK,https://twitter.com/CertiK/status/1601194078095298560,CertiK coat
Fri,CertiK,https://twitter.com/CertiK/status/1600916707262214146,Audited MapProtocol
Thu,CertiK,https://twitter.com/CertiK/status/1600569566379261964,XWallet
Wed,CertiK,https://twitter.com/CertiK/status/1600223637830742017,AptinLabs
Tue,CertiK,https://twitter.com/CertiK/status/1599885392911605760,ChatGPT
Tue,CertiK,https://twitter.com/CertiK/status/1599877139675111425,ZK roll-up
Tue,CertiK,https://twitter.com/CertiK/status/1599804123779862531,dypfinance
Tue,CertiKSecurityLeaderBoard,https://twitter.com/CertiKCommunity/status/1601351875139629057,talk
Tue,CertiKSecurityLeaderBoard,https://twitter.com/CertiKCommunity/status/1601064591618080768,talk
Thu,CertiKSecurityLeaderBoard,https://twitter.com/CertiKCommunity/status/1600827517140549632,KYC actor
Wed,CertiKSecurityLeaderBoard,https://twitter.com/CertiKCommunity/status/1600182924661227521,Showcase AMA with Aperion
Mon,CertiKSecurityLeaderBoard,https://twitter.com/CertiKCommunity/status/1599770589459525633,chat
Wed,CertiKAlert,https://twitter.com/CertiKAlert/status/1600328979474432002,DEV-0139
Mon,CertiKAlert,https://twitter.com/CertiKAlert/status/1599694510870626304,LymexPr
Thu,TrailOfBits,https://twitter.com/trailofbits/status/1600837806154285057,Echidna
Tue,OpenZeppelin,https://twitter.com/OpenZeppelin/status/1599810226320183296,LimeAcademy
Fri,PeckShieldAlert,https://twitter.com/PeckShieldAlert/status/1601060052114501632,GBTC Discount or Premium to NAV
Fri,PeckShieldAlert,https://twitter.com/PeckShieldAlert/status/1601030331528007681,Orthogonal Trading
Thur,PeckShieldAlert,https://twitter.com/PeckShieldAlert/status/1600801290757369856,USDN
Thu,PeckShieldAlert,https://twitter.com/PeckShieldAlert/status/1600684928374431745,LINK whale
Thu,PeckShieldAlert,https://twitter.com/PeckShieldAlert/status/1600712491444883457,Amber
Wed,PeckShieldAlert,https://twitter.com/PeckShieldAlert/status/1600394359949918209,Whale
Wed,PeckShieldAlert,https://twitter.com/PeckShieldAlert/status/1600426795039608832,Nexo
Wed,PeckShieldAlert,https://twitter.com/PeckShieldAlert/status/1600322621689589760,Yuga flashloan
Wed,PeckShieldAlert,https://twitter.com/PeckShieldAlert/status/1600320909352456195,ApeCoin
Tue,PeckShieldAlert,https://twitter.com/PeckShieldAlert/status/1600104182765486081,whale
Tue,PeckShieldAlert,https://twitter.com/PeckShieldAlert/status/1600065197812887554,Nexo
Tue,PeckShieldAlert,https://twitter.com/PeckShieldAlert/status/1600053481385381890,Yuga Flashloan
Tue,PeckShieldAlert,https://twitter.com/PeckShieldAlert/status/1599970363513131008,ROOM
Tue,PeckShieldAlert,https://twitter.com/PeckShieldAlert/status/1599948038843551744,whale
Tue,PeckShieldAlert,https://twitter.com/PeckShieldAlert/status/1599930638387511296,whale
Tue,PeckShieldAlert,https://twitter.com/PeckShieldAlert/status/1599961388298166272,Yuga Flashloan
Mon,PeckShieldAlert,https://twitter.com/PeckShieldAlert/status/1599645878838362112,whale Paxos
Mon,PeckShieldAlert,https://twitter.com/PeckShieldAlert/status/1599661576046673920,LYM